Artist Name(s),Album Name,Liked Track Count
A Song For You,Home,1
Aaron Childs,My Way,1
Aaron Frazer,Introducing...,1
Aaron Taylor,ICARUS,1
Abhi The Nomad,Marbled,1
Adam Melchor,Here Goes Nothing!,1
Adam Melchor,Melchor Lullaby Hotline Vol. 1,3
Adam Melchor,Begin Again,1
Adam Melchor,SUMMER CAMP,1
Adam Melchor,Metadata,1
Adam Pastel;Marc E. Bassy,HOME IS WHEREVER YOU ARE,1
Ady Suleiman,Memories,2
Agustin Pereyra Lucena,La Rana,1
Alabama Shakes,Sound & Color,12
Alan Hsiao,Apple Cider,1
Albert Hammond Jr,Como Te Llama?,1
Albin Gromer,"Presenterar: ""Narren""",1
Alejandro Bravo,Alejandro Bravo,1
Alice Phoebe Lou,Glow,1
Alice Phoebe Lou,Paper Castles,1
Alisa Amador;Madison Cunningham,Multitudes,1
Alohaha,Alohaha,1
Alt Bloom,October Eyes,1
alt-J,This Is All Yours,1
America;George Martin,Homecoming,1
Amnesty,Free Your Mind,1
Amos Lee,Supply And Demand,1
Amy Winehouse,Lioness: Hidden Treasures,1
Anderson .Paak,Shang-Chi and The Legend of The Ten Rings: The Album,1
Anderson .Paak,Spotify Singles - Christmas,1
Anderson .Paak,Malibu,4
Anderson .Paak;Nate Dogg,Ventura,1
Andrew Bird,Are You Serious,2
Andrew Bird,I Want to See Pulaski at Night,1
Andrew Bird,Are You Serious (Deluxe Edition),1
Andrew Montana,"Azalea, Holly",1
Andrew York;Los Angeles Guitar Quartet,Air & Ground,1
Andreya Triana,Life In Colour,1
Angel Olsen,All Mirrors,1
Angela Moyra,Fickle Island,1
Angie McMahon,"Light, Dark, Light Again",1
Anjimile,Giver Taker,1
Antonio Barret;Nice Guys,2 AM,1
Apartment Upstairs;Doc Awes;Abhay Sharma;Fakeer,I'll Be With You,1
Aquifer;saaaz,High N Low,1
Ariana Grande,eternal sunshine (slightly deluxe and also live),1
Ariana Grande,eternal sunshine,1
Ariana Grande,"yes, and?",1
Ariana Grande,Positions,1
Ariana Grande,"thank u, next",1
Arima Ederra,An Orange Colored Day,2
Arlie,Wait,1
Arlo Parks,Eugene,1
Art Garfunkel,Breakaway,1
Arturo O'Farrill;Chucho Valdés,BeboChicoChuchoTuro,1
Arvid,goodnightdaydream.,1
Ashes To Amber,Voodoo Blu,1
Atta Boy,Out of Sorts,1
Austin Marc,Couple Ideas,1
Austin Weber,Mamma Mia,1
Awfbeat,Better Than Me,1
Badfinger,Magic Christian Music (Remastered 2010 / Deluxe Edition),1
Bahamas,Pink Strat,1
Bahamas,Sad Hunk,1
Bahamas,Earthtones,1
Bahamas,Bahamas is Afie,1
Baird,"BIRDSONGS, Vol. 3",1
Bakar,Hell N Back (Sped Up),1
Bakar;Summer Walker,Hell N Back (feat. Summer Walker),1
Barrie,5K,1
beabadoobee,Beatopia,1
Beatenberg,The Hanging Gardens Of Beatenberg,1
Becca Stevens;Jacob Collier,Regina,1
Beck,Midnite Vultures,1
Beharie,When The Silence Gets Too Loud,1
Beirut,No No No,2
Ben Harper And The Innocent Criminals,Burn To Shine,1
benches,cotton eye joe,1
BENEE,FIRE ON MARZZ,1
Benji Kameya,Castaways (Benji's Version),1
Benny Greb,Grebfruit 2,1
Benny Sings,Dancing In The Dark,1
Benny Sings,City Pop,4
Benny Sings;Remi Wolf,Young Hearts,1
Berhana,Berhana,1
Bermuda Triangle,Suzanne,1
Bibio,A Mineral Love,1
Bickle,Talk Words,1
Bien,Electric Dream,1
Big K.R.I.T.,4eva Is A Mighty Long Time,1
Big Thief,Masterpiece (2023 Remaster),1
Bill Evans,Time Remembered,1
Bill Evans;Jim Hall,Undercurrent,1
Bill Withers,Menagerie,1
Bill Withers;Studio Rio,Studio Rio Presents: The Brazil Connection,1
Billie Eilish,Happier Than Ever,1
Billie Eilish,HIT ME HARD AND SOFT,1
Billie Eilish,"WHEN WE ALL FALL ASLEEP, WHERE DO WE GO?",1
Billy Joel,The Stranger (Legacy Edition),2
Billy Joel,An Innocent Man,1
Black Pontiac,From Bad to Worse (And Back Again),1
Blood Orange,Cupid Deluxe,1
Blue Wednesday,Sundae Sauuce Presents: Strawberry Drizzle,1
Blue Wednesday,New Shoes,1
Blue Wednesday;juniorodeo,After Hours,1
Blue Wednesday;Soul Food Horns,The Great Escape,1
Bonnie Raitt,Bonnie Raitt (2008 Remaster),1
Born Ruffians,Birthmarks (Deluxe Edition),1
boy pablo,Soy Pablo,1
Boys Go To Jupiter,Wall St,1
Brad Goodall,Casa De Mel,1
Brad Mehldau,Finding Gabriel,2
Brandi Carlile;Lucius,In These Silent Days,1
Brazos,Phosphorescent Blues,1
Bren Joy,Twenties,3
Bren Joy;Landon Sears,Twenties,1
Brittany Howard;Childish Gambino,Jaime (Reimagined),1
BROCKHAMPTON,SATURATION II,1
Brother Zulu,Lights,1
Bruno Berle,No Reino Dos Afetos,1
Bruno Major,To Let A Good Thing Die,1
Bruno Mars,24K Magic,1
Bruno Mars;Anderson .Paak;Silk Sonic,An Evening With Silk Sonic,2
Bruno Mars;Anderson .Paak;Silk Sonic,Leave The Door Open,1
Bruno Pernadas,Private Reasons,2
Bruno Pernadas,Those Who Throw Objects at the Crocodiles Will Be Asked to Retrieve Them,2
Busman's Holiday,Beach Song / LaVaughna,1
Busty and the Bass,Uncommon Good,2
Busty and the Bass,Eddie,1
Busty and the Bass;Illa J;Jon Connor,Go So Far,1
BØRNS,Dopamine,2
Calimossa,Honey Days,2
Camino 84;Sidney Gish,Don't Read This. You Will Be Kissed...,1
Cantus,That Eternal Day,1
Capital Cities,In A Tidal Wave Of Mystery (Deluxe Edition),1
Car Seat Headrest,Teens of Denial,1
Carla Bruni,French Touch,1
Carly Rae Jepsen,The Loveliest Time,3
Carly Rae Jepsen,The Loneliest Time,3
Carly Rae Jepsen;Rufus Wainwright,The Loneliest Time,1
Caroline Konstnar,The Jellyfish Song,1
Caroline Rose,Superstar,1
Carter Benjamin;Appleby,Fragile,1
Cass Elliot,Cass Elliot (With Bonus Tracks),1
Cautious Clay;Remi Wolf;sophie meiers;Still Woozy;Claud;Melanie Faye;HXNS,Cheesin',1
Ceramic Animal,The Cart,1
Certainly So,Future Self Only Dreams,2
Chance the Rapper,Coloring Book,1
Chance the Rapper;VIC MENSA;Twista,Acid Rap,1
Chappell Roan,The Subway,1
Chappell Roan,The Rise and Fall of a Midwest Princess,4
Charlie Bereal,Walk the Streets of Love,1
Charlie Burg,Reach,1
Charlie Burg,Live in Peter's Attic,2
Charlie Burg,PlantedInMyMind.Memo,1
Charlie Burg,Infinitely Tall,5
Charlie Burg,"Two, Moonlight",1
Charlie Burg,Channel Orange In Your Living Room,1
Charlie Burg,Lancaster Nights,1
Charlie Burg,"Three, Fever",1
Charlie Hunter;Norah Jones,Songs From The Analog Playground,1
Chase Ceglie,Chaseland,1
Cheers Elephant,Like Wind Blows Fire,1
Chet Atkins,Guitar Legend: The RCA Years,1
Chicago,Chicago V (Expanded & Remastered),1
Chicago,Chicago IX: Chicago's Greatest Hits,1
Childish Gambino,Bando Stone and The New World,1
Childish Gambino,Atavista,2
Childish Gambino,"""Awaken, My Love!""",3
Childish Gambino,Summer Pack,1
Childish Gambino,Kauai,2
Childish Gambino,3.15.20,3
Childish Gambino;21 Savage;Ink;Kadhja Bonet,3.15.20,1
Childish Gambino;Ariana Grande,Atavista,1
Childish Gambino;Christian Rich,Kauai,1
Childish Gambino;Summer Walker,Atavista,1
Chris Cohen,Paint a Room,1
Chris Thile;Brad Mehldau,Chris Thile & Brad Mehldau,1
Christian Lee Hutson,Beginners,2
Cibo Matto,Stereotype A,1
Cinya Khan,Just Waiting,1
Circles Around The Sun,Circles Around the Sun,1
City and Colour,Bring Me Your Love (Special Edition),1
Claire Rosinkranz,Dancer,1
Claire Rosinkranz,Frankenstein,1
Clairo,Sling,2
CLAY,Orange,1
CLAY,orange,1
cleaned,Vivid,1
cleaned;木村仁星,MOONFLIGHT,1
Clerel,Blackstone,1
Coast Modern,Guru,1
Cola Boyy;The Avalanches,Don't Forget Your Neighborhood,1
Coldplay,Ghost Stories,1
Collettivo Immaginario;Nicolò Masetto;Alberto Lincetto;Tommaso Cappellato;Mocky,Oltreoceano,1
Common Saints,Idol Eyes,1
Conspiracy Of Owls,Conspiracy Of Owls,1
Cooks But We're Chefs,Funeka,1
Cory Henry,Art of Love,1
Cory Wong,The Optimist,1
Cory Wong,Golden,1
Cory Wong,"MSP, Pt. 1",1
Cory Wong;dodie,The Lucky One,1
Cory Wong;KATIS;Marti Fischer,The Optimist,1
Cory Wong;Tom Misch,Motivational Music for the Syncopated Soul,1
Couch,Fall Into Place,1
Cyrille Aimee,Cyrille Aimée Live,1
Cōrt;Ava,Yesterday,1
D'Angelo,Black Messiah,3
D'Angelo,Voodoo,2
D.A. Wallach,Time Machine,1
Daft Punk,Human After All,2
Daft Punk,Random Access Memories,3
Daft Punk,Discovery,8
Daft Punk;Julian Casablancas,Random Access Memories,1
Daft Punk;Panda Bear,Random Access Memories,1
Daft Punk;Paul Williams,Random Access Memories,1
Daft Punk;Pharrell Williams,Random Access Memories,1
Daft Punk;Pharrell Williams;Nile Rodgers,Random Access Memories,1
Daft Punk;Todd Edwards,Random Access Memories,1
DAISY,Eastside,1
DAISY,STILL HERE,1
Dan & Drum,5 Dollars,1
Dan & Drum,Growl Pop,1
Dan Croll,On Top,1
Dan Reeder,Every Which Way,3
Dan Reeder,Fun Campfire Song,1
Dan Reeder,Kung Fu is My Fighting Style,1
Dan Reeder,Dan Reeder,1
Dan Reeder,Nobody Wants to Be You,2
Daniel Caesar,Son Of Spergy,4
Daniel Caesar,Freudian,1
Daniel Caesar,NEVER ENOUGH,3
Daniel Caesar,Get You - Single,1
Daniel Caesar,CASE STUDY 01,3
Daniel Caesar;Brandy,CASE STUDY 01,1
Daniel Caesar;H.E.R.,Freudian,1
Daniel Caesar;John Mayer,CASE STUDY 01,1
Daniel Caesar;Mustafa,NEVER ENOUGH,1
Daniel Caesar;Norwill Simmonds,Son Of Spergy,1
Daniel Caesar;Sean Leon;Jacob Collier,CASE STUDY 01,1
Darling Joan,"you, the sun",1
David Byrne;Fatboy Slim;Nellie McKay,Here Lies Love,1
Daye Jack,No Data,1
Dayglow,Harmony House,1
Dead Horse Beats,Bad Hopes,1
Declan McKenna,What Do You Think About the Car?,1
Dehd,Blue Skies,1
Del Water Gap,1 (646) 943 2672 (Extended Play),1
Devendra Banhart,Smokey Rolls Down Thunder Canyon,1
Devon Gilfillian,Black Hole Rainbow,1
Dezron Douglas;Brandee Younger,Force Majeure,1
Dirty Projectors,Lamp Lit Prose,1
DISPATCH,Bang Bang,1
Dizzy K.,"Sweet Music, Vol. 1",1
Django Reinhardt,Djangology 49,1
Doc Robinson,Deep End,1
dodie,Human,2
dodie;Tom Walker,Human,1
Doechii,Anxiety,1
Doechii,Alligator Bites Never Heal,1
Doja Cat,Paint The Town Red,1
Doja Cat;SZA,Kiss Me More (feat. SZA),1
DOMi & JD BECK;Anderson .Paak,NOT TiGHT,1
Dora Jar,Bumblebee,1
Dr. Dog,Dr. Dog,1
Dr. Dog,B-Room (Deluxe Edition),1
Dr. Dog,Fate,1
Dre'es;Mia,Warm (feat. Mia),1
Drugdealer;Weyes Blood,The End Of Comedy,2
Duncan Fellows,Both Sides of the Ceiling,1
Duval Timothy,Sen Am,1
Early Eyes,Penelope,1
Early Eyes,Marigolds,1
Earth Kenan,Good Luck Babe,1
edbl;Alfie Neale;Jarki Monno,Cigars,1
Edouard Ferlet,Sun Dog,1
ego apartment,NEXT 2 U,1
Electric Guest,Mondo,1
Electric Guest,Plural,3
Eleni Drake,Vanilla Sky,1
Eleni Drake,Surf The Sun,1
Eli Winter,Maroon,1
Eli Winter,The Time to Come,1
Eliza Lieberman,Where You Are,2
Elohim,Hallucinating (Mariachi Version),1
Eloise,For You,1
Eloise,Somewhere In-Between,1
Eloise,This Thing Called Living,2
Elton John,Goodbye Yellow Brick Road (Remastered),1
Em9,Heart Shaped Box,1
Emerson Kitamura,ロックンロールのはじまりは,1
Emilie-Claire Barlow,The Beat Goes On,1
Emily King,Scenery,2
Emily King,Special Occasion,1
Emily King,Special Occasion - A COLORS SHOW,1
Emily King,The Seven EP,1
Emily King,The Switch,1
Emily King;aivi & surasshu;Rebecca Sugar;Roger Hicks;Edwin Rhodes;Travis Kindred,Steven Universe Future (Original Soundtrack),1
Eminem,The Slim Shady LP,1
Eminem,Houdini,1
Emma Harner,Bricks and Wedges,1
Emmaline,Soft Spot,1
Erik Satie;Olga Scheps,Satie,1
Erikson Jayanto,Slice of life (人生のひとこま),1
Ernest Ranglin;Monty Alexander,Untitled,1
Erykah Badu,Mama's Gun,1
Eternity Forever,Fantasy,1
Ethan Gruska,En Garde,1
Ethan Gruska;Phoebe Bridgers,En Garde,1
Ethan Regan,wildflowers,1
Etta Marcus,The Death Of Summer & Other Promises,1
Extreme,Extreme II - Pornograffitti,1
Ezra Bell,Don't All Look Up At Once,1
Ezra Williams,My Own Person,1
Fantasy Guys,On Poppy Island,1
Far Caspian,Ways To Get Out,1
Fat Night,Live for Each Other,8
Fat Night,Question,2
Fat Night,Honest Man,1
Father John Misty,Mahashmashana,1
Father John Misty,Pure Comedy,1
Father John Misty,Real Love Baby,1
Father John Misty,Fear Fun,1
Fats Waller,At The Piano (Bluebird's Best Series),1
Faye Webster,I Know I'm Funny haha,1
Feed Me Jack,Anatolia,1
Feist,Let It Die,2
Felbm,Tape 3,1
Felix Rabito,Bread,1
Feng Suave,Venus Flytrap,1
Feng Suave,Half-Moon Bag,1
Fiona Apple,Fetch The Bolt Cutters,1
FireCityFunk,Surrender To Me,1
FIZZ,The Secret To Life,4
FLEECE,Do You Wanna Party,1
FLEECE,Voyager,1
Fleet Foxes,A Very Lonely Solstice,4
Fleet Foxes,Helplessness Blues,2
Fleet Foxes,Shore,4
Fleet Foxes,Fleet Foxes,2
Fleet Foxes,Crack-Up (Choral Version) / In the Morning (Live in Switzerland),1
Fleet Foxes,First Collection 2006-2009,1
flipturn,Heavy Colors,2
Flyte,Flyte,1
Flyte,The Loved Ones,1
Folk Bitch Trio,Analogue/ I Heard,1
Foreign Fields,The Beauty of Survival,1
Foster The People,Paradise State of Mind,1
Foster The People,Torches,2
Foxygen,We Are the 21st Century Ambassadors of Peace & Magic,1
Foy Vance,Thank You For Asking,1
Francis Hime,Hoje,1
Frank LoCrasto,El Dorado,2
Frank Ocean,Blonde,1
Frank Ocean,channel ORANGE,1
Frank Ocean;Earl Sweatshirt,channel ORANGE,1
Franz Ferdinand,Franz Ferdinand,1
Free Nationals;Benny Sings,Free Nationals,1
Free Nationals;Daniel Caesar;Unknown Mortal Orchestra,Free Nationals,1
Free Nationals;Mac Miller;Kali Uchis,Free Nationals,1
Free Nationals;T.I.,Free Nationals,1
French Cassettes,Rolodex,1
Fruit Bats,Absolute Loser,1
Full Crate;Susan Carol;Sergiio,Magnetic,1
Funkadelic,America Eats Its Young,1
Funkmammoth,Bird Watching,1
Gabriel,DREAMBOY,1
Gabriel Sayer,Isabelle,1
Gabriel Sayer;Bambina,Youngest Child,1
Gabriel Sayer;Riley Geare,Spring of Choice,1
Game & Sound,"VGM Covers, Vol. 11",1
Gammalgrass,Obsolete Music 1,1
"Gareth Donkin;quickly, quickly;The Breathing Effect",GEEK OUT!,1
Garoto,Projeto Memoria Brasileira : Viva Garoto,2
Gen di Calabria,Wings of the Dawn,1
Gen Hoshino,Baka no Uta,1
Genesis Owusu,Missing Molars (Swnt Deluxe),1
Genesis Owusu,Smiling with No Teeth,1
George Frideric Handel;Christina Pluhar;L'Arpeggiata,Handel goes Wild,1
Georgia Harmer,Stay In Touch,1
Gerald Clayton,Life Forum,1
Gerard Alain,OPENING ACT,1
Ginger Root,Loretta,1
Gipsy Kings,Allegria,1
Gipsy Kings,!Volare! The Very Best of the Gipsy Kings,1
"Giuseppe Verdi;Choir of King's College, Cambridge;Stephen Cleobury",Verdi: Four Sacred Pieces; Pater Noster,1
Glass Animals,How To Be A Human Being,1
Goodbye Kumiko,My Wild Arms,1
Gorillaz,Plastic Beach,1
Gorillaz,The Now Now,1
Gorillaz;De La Soul,Demon Days,1
Gorillaz;George Benson,The Now Now,1
Gorillaz;Kano;Roxani Arias,"Song Machine, Season One: Strange Timez (Deluxe)",1
Gorillaz;Mick Jones;Paul Simonon,Plastic Beach,1
Gorillaz;Octavian,"Song Machine, Season One: Strange Timez (Deluxe)",1
Gotch,後藤と東郷,1
Greg Chiapello,Around the World,1
Greg Kramer;Otieno Terry,Tell Me,1
Greg Mayo;Akie Bermiss,Alone Again,1
Greg Phillinganes,Pulse (Expanded Edition),1
"Greg Spero;Ronald Bruner, Jr.;MonoNeon;Ruslan Sirota",July Play (Tiny Room Sessions),1
Guantanamo Bay Surf Club,Guantanamo Bay Surf Club,1
Hajk,Drama,1
Haley Heynderickx,I Need to Start a Garden,1
Haley Heynderickx;Max García Conover,Among Horses III,1
HALFnHALF,Bad News,1
half•alive,"Now, Not Yet",1
Harry McNally,Easy Does It,1
Harry Nilsson,Aerial Ballet,1
Havelock,TRY B4U BUY,1
Her's,Invitation to Her's,2
Her's,Songs of Her's,1
Herb Alpert & The Tijuana Brass,Whipped Cream & Other Delights,1
Hermanos Gutiérrez,Hoy Como Ayer,1
Hi-Lo Jack;DAP The Contract;Lawrence;Stolen Jars,Old New Clothes,1
Hi-Lo Jack;Lawrence;Stolen Jars;DAP The Contract,Old New Clothes,4
Hiatus Kaiyote,Choose Your Weapon (Japan Version),1
Hiatus Kaiyote,Red Room,1
Hiatus Kaiyote,Mood Valiant,3
Hiatus Kaiyote,Choose Your Weapon,1
Hiatus Kaiyote;Arthur Verocai,Mood Valiant,1
Hiatus Kaiyote;Arthur Verocai,Get Sun,1
Hippo Campus,Bambi,1
Hiroshi Sato,Awakening,1
Hohnen Ford,Infinity,1
Holy Hive,Float Back To You,1
Holy Hive;Mary Lattimore,Float Back To You,1
Honey Butter,The Answer,1
Honeybutter,Startover,1
Honeybutter,Bite the Bit,1
Hope Tala,Party Sickness,1
Hope Tala,Sensitive Soul,2
Hope Tala;Aminé,Girl Eats Sun,1
Horsey,Debonair,1
Houndmouth,Little Neon Limelight,1
Housecat,"Housecat & Sisyphus 55, Vol. 2",2
Housecat,Time in Thought,1
Human Bloom,Capillary,1
Hunny Ten,Take You Home,1
i said yes,California,1
Ichiko Aoba,ｑｐ,1
illi mel,Lucilla,1
Inara George;Charlie Wadhams,Somethin' Stupid,1
Infinity Song,Metamorphosis,1
Ingrid Michaelson,Be OK,1
Iris Temple,Duality,1
Ironsides,Changing Light / Sommer,1
Isa Reyes,Sweet Tooth,1
Isak Thomas and The Stoop Boys;Johnny Cattini,Heaven,1
Isao Tsukamoto,ARCHES,2
iwamizu,Again,1
J. Cole,2014 Forest Hills Drive,1
Jack Stauber,Pop Food,1
Jack Stauber,HiLo,3
Jack Stauber,Finite Form,1
Jackie Evans,Leave You,1
Jackie Evans,Jackie Evans (Live at The Bunker Studio),2
Jackson Lundy,"Jackson Lundy Presents ""Loverboy"" and ""Me & You""",1
Jackson Lundy,Dandelions,1
Jackson Lundy,Calypso,1
Jacob Banks;Adekunle Gold;Samm Henshaw,Lies About The War,1
Jacob Banks;Anna Leone,Lies About The War,1
Jacob Collier,The Sun Is In Your Eyes (Voice Memo),1
Jacob Collier,In My Room,1
Jacob Collier,In the Bleak Midwinter,1
Jacob Slade,Jacob Slade,1
Jamila Woods,SULA (Paperback),1
Jamiroquai,Synkronized,1
Jamiroquai,High Times - Singles 1992-2006,1
Jank Setup,In Motion,1
Jay Jay Pistolet,Vintage Red,1
Jaymison,Yellow Squash,1
Jazz Emu,Humilis,3
JBM;Juan Bautista Matienzo,Suite Gasolera,1
JDM Global,Go Easy,1
JDM Global,Easygoing,1
Jeb Bush Orchestra,3 for 1,1
Jeff Mangum,Live at Jittery Joe's,1
Jelani Aryeh,Stella Brown,1
Jet,Get Born (Deluxe Edition),1
Jim Hall,Concierto (CTI Records 40th Anniversary Edition),1
Jimi Charles Moody,Highbury,1
JMSN,Whatever Makes U Happy,2
JMSN,Velvet,4
Jockstrap,Wicked City,3
Joe Hertler & The Rainbow Seekers,Pluto,1
Joe Hisaishi,Howl's Moving Castle Soundtrack,1
Joey Dosik,Game Winner - EP (Deluxe Edition),1
Joey Pecoraro,The Sea,1
John Roseboro,Johnny,1
jomm;readyaimfire27,Astronaut Song,1
Jon Batiste;Stay Human,MY N.Y.,1
Jonathan Richman;The Modern Lovers,Modern Lovers '88,1
Jordan Mackampa,Over & Out,1
Jordana;TV Girl,Summer's Over,1
Joshua Redman;The Bad Plus,The Bad Plus Joshua Redman,1
João Donato,Millennium,1
Juice,Audrey Tell Me,1
Juicy Lemon Club,Green & Blue,1
Julia Jacklin,Crushing,1
Julian Lage,Love Hurts,1
Julian Lage & Chris Eldridge,Mount Royal,1
Juliette Armanet,Souris Calle,1
Julius Rodriguez,Let Sound Tell All,1
Jungle,Loving In Stereo,1
Jungle,GOOD TIMES / PROBLEMZ,1
Jungle;Bas,Loving In Stereo,1
Junior Mesa,Caroline,1
Juniper,Juniper,1
Juniper,Here for the First Time,1
Just Friends,Nothing but Love,1
Justice,Justice,2
Justice Der,Favorites,1
K.ZIA,Genesis,1
Kacey Musgraves,Golden Hour,1
Kaden MacKay,Passing Through (Can't the Future Just Wait),1
Kai Straw,Toothpick,1
KAINA;Andrew Bedows;Burns Twins,Sweet Asl.,1
KAINA;Andrew Bedows;Burns Twins;Maceo Haymes,Sweet Asl.,1
KALI,Insomnia,1
Kamasi Washington,The Epic,1
KAMAUU;Adi Oasis,MANGO (feat. Adi Oasis),1
Kanye West,Donda,2
Kaori Muraji,Cinema - Movie Themes For Classical Guitar,1
Kate Bollinger,Talk About It (B-Side),1
Kate Bollinger,Yards / Gardens,1
KAYTRANADA;Anderson .Paak,99.9%,1
Keane,Hopes And Fears,1
Keenan O'Meara,If I Could Leave,1
Kelley Stoltz,Below The Branches,1
Kendrick Lamar,"good kid, m.A.A.d city (Deluxe)",1
Kendrick Lamar,untitled unmastered.,1
Kendrick Lamar,The Heart Part 5,1
Kendrick Lamar,Mr. Morale & The Big Steppers,3
Kendrick Lamar,To Pimp A Butterfly,2
Kendrick Lamar;Baby Keem;Sam Dew,Mr. Morale & The Big Steppers,1
Kendrick Lamar;Beth Gibbons,Mr. Morale & The Big Steppers,1
Kevin Abstract,ARIZONA BABY,1
Kevin Abstract;Dominic Fike,Blush,1
Kid Bloom,"Hold In, Hold On",1
King Flamingo,Cidade Da Paixão,1
King Gizzard & The Lizard Wizard,Paper Mâché Dream Balloon,1
King Guru,Come to the Window,1
Kingo Hamada,midnight cruisin',1
Kings Go Forth,The Outsiders Are Back,1
KIRBY,Boyz II Men,1
Kishi Bashi,Sonderlust,2
Klaatu,Hope,1
KNOWER,KNOWER FOREVER,1
Knox Fortune,Paradise,1
Kota the Friend,Oh Darling How I Love You .,1
Kraak & Smaak;IVAR,Velvet Seas,1
Kurt Elling,The Gate,1
Kyle Sparkman,Funk215,1
Kyle Thornton & The Company,"Space to Move, Pt. I",1
L'Impératrice,Tako Tsubo,2
L'Impératrice,Odyssée - EP,1
La Roux,La Roux,1
Lady Gaga,Born This Way,1
Lake Street Dive;Madison Cunningham,Neighbor Song (ft. Madison Cunningham),1
Lambert,Open,1
Landlady,The World Is A Loud Place,1
Laufey,Everything I Know About Love,2
Laufey,Bewitched,1
Laufey,The Reykjavík Sessions,1
lavender;nomoon,blue,1
Lawrence,Breakfast,3
Lawrence,Living Room,1
Lawrence,Homesick,1
Lawrence,Lawrence on Audiotree Live,1
Leif Vollebekk,New Ways,1
Leif Vollebekk,Moondog,1
Lemaitre;Jennie A.,Chapter One,1
Leo Kottke;Mike Gordon,Noon,1
Leroy,Squish,1
Liana Flores,The Water's Fine!,1
Lianne La Havas,Blood,1
Lianne La Havas,Lianne La Havas,2
Lianne La Havas,Is Your Love Big Enough? (Deluxe Edition),1
Lianne La Havas,Is Your Love Big Enough?,1
Lianne La Havas,Say a Little Prayer (Live),1
LILO,The Balcony,1
Linda Diaz,Magic,1
LiteBeats,Sounds from Desmos,1
Liv.e,CWTTY+,1
Lizzo,Cuz I Love You,1
Lizzy McAlpine,Older,2
Lizzy McAlpine,Give Me A Minute,1
Lizzy McAlpine;Jacob Collier,erase me (feat. Jacob Collier),1
Local Natives,Gorilla Manor,1
Lofty,Hideaway,1
Lola Marsh,"Something Stupid (From ""Better Call Saul"")",1
Lonely Benson,Lonely Benson,1
LOONY,soft thing,1
Louie Zong,Tropical,1
Louie Zong,Suburbia,1
Louie Zong,Beach,2
Louie Zong;Brian David Gilbert,Breezy Slide,1
Louie Zong;The Barking Dawgz,Dawgz,1
Louis Cole,Time,3
Louis The Child,Love Is Alive EP,1
Luca Sestak,Lighter Notes,1
LucasGitanoFamily,Van Gogh,1
Lucius,Second Nature,1
lucky swami club,Sunday,1
Lucy Lu,Boy With The Sun Song,1
Luiz Bonfá,Solo in Rio 1959,4
Luiz Bonfá,Introspection,1
Luiz Bonfá;Panos Megarchiotis,Violão Brasileiro (20th Century Brazilian Music for Guitar),1
Luke Chiang,Used to Me,1
Luke Levenson;Abbey Smith,Smoke,1
Luke Tyler Shelton,Blue Sky,1
Lullatone,The Sounds of Spring - EP,1
Lullatone,Thinking About Thursdays,2
M.I.L.K.;Benny Sings,Always Summer Somewhere,1
Mac Ayres,Drive Slow,1
Mac Miller,Swimming,2
Mac Miller,Circles,2
Mac Miller,The Divine Feminine,1
Mac Miller,Good News,1
Mac Miller;Anderson .Paak,The Divine Feminine,1
Mac Miller;Ty Dolla $ign,The Divine Feminine,1
MACKandgold,Take Me In,1
Maddie Jay,Lunch Break,1
Madison Cunningham,Ace,1
Madison Cunningham,Broken Harvest,1
Madison Cunningham,Subtitles,1
Madison Cunningham,Who Are You Now,3
Madison Cunningham;Remi Wolf,Hospital (One Man Down),1
Madison McFerrin,You + I,2
mage tears,old songs,1
Magic City Hippies,Hippie Castle EP,1
Mamahawk,Brain Invaderz!,1
Mamalarky,Hex Key,1
mamerico,minuscule,1
Manuel Ponce;Alexandra Whittingham,Ponce: Estrellita (Arr. Abril & Barrueco for Guitar),1
Manwolves,These Days,1
Manwolves,A Safety Meeting,1
Marc Rebillet,Loop Daddy II,1
Mariachi Arco Iris,Changes,1
Mark Barlow;Isla Vista Worship,Soul Hymns,1
MARO;Lisa Oduor-Noah;Xenia Manasseh,"MARO, Vol. 2",1
Maroon 5,It Won't Be Soon Before Long.,1
Maroon 5,V (Deluxe),1
Marques Martin,Brave & Afraid,1
Marrow,Two,1
Marsandaras (M*A*R*S),Songs for Martians,1
Martin Solveig;Dragonette,Hello,1
Marty O'Reilly & the Old Soul Orchestra,Pray for Rain,1
Mathien,The Freedom Tapes,1
Mathien;Soul Food Horns,Bad Friend,1
Matt and Kim,Grand,1
Matt Block;Morton Block,Strange Harbors,1
Matt Duncan,Soft Times,2
Matt Maltese,Good Morning It's Now Tomorrow,1
Max Pope,Less Than Nothing,1
Max Pope,All That I Need,1
Maxwell Young,Right Here,1
May Erlewine;Woody Goss,Anyway,2
Maya Delilah,Harvest Moon,1
Maya Delilah,I'm Just Stupid,1
Maya Delilah,Gato,1
McFabulous,I Live Above the Hobby Shop,1
Mei Semones,Animaru,1
Mel Blue,Sanctuary Point,1
Melanie Faye,Melanie Faye EP,1
Melissa Polinar,Honest,1
Melt,West Side Highway,2
Melt,Fake Romantic,1
Melt,Stupid in Love,1
Melt,Inside,1
Melt,Sour Candy,1
Men I Trust,Untourable Album,2
Men I Trust,Oncle Jazz,1
Mesita,Living Breathing,1
MGMT,Congratulations,1
MIA GLADSTONE,CYCLE/S,1
Micah Edwards,I Never Like It When You Leave,1
Michael Cera,True That,1
Michael Giacchino,Ratatouille (Original Motion Picture Soundtrack),1
MICHELLE,Songs About You Specifically,3
MICHELLE,HEATWAVE,2
Mid-Air Thief,Crumbling,1
MIKA,Life in Cartoon Motion,1
Mike Spector,Take Me to the Moon,1
Miki Fiki,Stranger,1
Milky Chance,Sadnecessary,1
Million Eyes,In the Wind,1
Miloe;PawPaw Rod,gaps,1
Miniature Tigers,Tell It to the Volcano,1
Minnie Riperton,Come To My Garden,1
Miracle Musical,Hawaii: Part II,1
MisterWives,SUPERBLOOM,1
mmmonika,Very American!,1
mmmonika,Unwind Me!,1
Mocky,Key Change,2
Modjo,Modjo (Remastered),1
Mon Rovîa,Act 1: The Wandering,1
MonoNeon,I Don't Care Today (Angels & Demons in Lo​-​fi),1
Moonchild,Please Rewind,1
Mort Garson,Mother Earth's Plantasia,1
Moses Sumney,græ,1
Moses Sumney,Aromanticism,1
Moses Sumney,Everlasting Sigh,1
Mosie,Tangerine,1
Mother Mother,O My Heart,1
Ms. Lauryn Hill,MTV Unplugged No. 2.0,3
Ms. Lauryn Hill,The Miseducation of Lauryn Hill,1
Mt. Joy,Sheep,1
My Mom Is Here,You Just Won't Give Me Love,1
My Morning Jacket,It Still Moves (Deluxe Reissue),1
MyKey,Was It Something I Said,1
Nai Palm,Needle Paw,2
Natalie Layne,Amen (At The Piano),1
Natalie Wilson,Lady & The Champs,1
Nate Smith,KINFOLK: Postcards from Everywhere,2
Nathan Angelo,A Matter of Time,1
Natty Reeves,Siren,1
Natty Reeves,Good as Gold,1
Ni'jah;Childish Gambino;KIRBY,Swarm,1
NIA NADURATA,boo hoo,1
Nick and Gabe,It's a Nick and Gabe Christmas Party!,1
Nick Dorian,Hamburg Style,2
Nick Dorian;Shibo,Kumbaya,1
Nick Leng,Spirals,1
Nico Play,Desilusión,1
Nico Segal,Surf,8
Noname;The Mind,Telefone,1
NONEWFRIENDS.,Closer,1
NONEWFRIENDS.,Already Gone,1
NONEWFRIENDS.,The Hook,1
Norah Jones,Feels Like Home,2
Norah Jones,Come Away With Me (Super Deluxe Edition),1
of Montreal,Satanic Panic In The Attic,1
Ogi,Monologues,1
OHMA,On Loving Earth,1
OK Go,Of the Blue Colour of the Sky (Extra Nice Edition),1
Okey Dokey,"Love You, Mean It",1
Ola W Jansson;Kristoffer Wallin,For Keith,1
Olaf Polziehn;Hans Dekker;Ingmar Heller,Gentle Touch,1
Only Real,Jerk At The End Of The Line,1
Oracle Sisters,High Moon,1
Orange Guava Passion,TJ,1
Organ Freeman,Organ Freeman,1
Orion Sun,concrete,1
Orion Sun,Hold Space For Me,1
Orion Sun,A Collection of Fleeting Moments and Daydreams,1
Orion Sun;Mulch,A Collection of Fleeting Moments and Daydreams,1
Oscar Jerome,Far Too Much,1
Oscar Jerome,Breathe Deep,1
Oscar Jerome,Do You Really,1
Oscar Jerome;Ms MAURICE,Do You Really (Live),1
Oscar Lang,Antidote to Being Bored,1
Oscar Peterson Trio;The Singers Unlimited,In Tune (Remastered Anniversary Edition),1
Oscar Scheller,Boys Cry,1
Otis Junior;Dr. Dundiff,Rising with It,1
Otis Junior;Dr. Dundiff,1Moment2Another,1
Otis Kane,Free,1
Outkast;Norah Jones,Speakerboxxx/The Love Below,1
paniyolo,Mizu,1
paniyolo,hitotema,1
Paper Void,Increments,1
Papooz,Green Juice,1
Parcels,Parcels,3
Parcels,Day/Night,3
Parcels,Live Vol. 1,1
Parekh & Singh,"I Love You Baby, I Love You Doll (London Mix)",1
Parker Louis,"All Good Things, Pt. One",1
Passion Pit,Kindred,2
Pat Martino,Cream,1
Pat Metheny,One Quiet Night,1
Patawawa,Patagonia,1
Path,Path,1
Paul Cherry,Back On the Music!,1
Paul Cherry;Kate Bollinger,Los Angeles Story,1
Paul Desmond,Bridge Over Troubled Water,1
Paul Mccall;Wbu,Everytime,1
Paul Williams,Surf Music,1
Pearl & The Oysters,Planet Pearl,1
pedram,A First Day of Spring,1
People Under The Stairs,"The Gettin' Off Stage, Step 1",1
Peter Cat Recording Co.,Bismillah,2
Peter CottonTale;Rex Orange County;Chance the Rapper;Daniel Caesar;Madison Ryann Ward;Yebba,Forever Always,1
Petmos,Cloudborne,1
Phish,Big Boat,1
Phony Ppl,mō'zā-ik.,2
Phony Ppl,Euphonyus,1
Phony Ppl,Yesterday's Tomorrow,3
PHOX,PHOX,1
Phum Viphurit,The Greng Jai Piece,1
Pick Patek Archive;Eric Yu;Colby Kenderdine,When in Oakland,1
Pimps of Joytime,Third Wall Chronicles,1
PJ Morton,PAUL,2
PJ Morton,The Piano Album,1
PJ Morton,Gumbo,2
PJ Morton;Rapsody,The Piano Album,1
Pokey LaFarge,Something In The Water,1
Pole Vault,Someday Morning,1
Pomplamoose,Hey It's Pomplamoose,1
Pomplamoose,You Make My Dreams,1
Pomplamoose;Larry Goldings,À Cabo,1
Poor Remy,Bitters,1
Portugal. The Man,Chris Black Changed My Life,1
Portugal. The Man,Woodstock,1
Post Animal,When I Think Of You In A Castle,1
potsu;Chance Thrash,just friends,1
PPCX;Jihan Jeon,촉촉,1
PREP,The Programme (deluxe),1
PREP,The Programme,1
PREP,15th Floor,1
PREP,Futures,1
PREP,As It Was,1
PREP,PREP,2
PREP,Cheapest Flight,1
Prima,Distant Moon,1
Próxima Parada,Big Seven,1
Próxima Parada,Songs of Music,1
Q,Take Me Where Your Heart Is,1
Queen,Hot Space (Deluxe Remastered Version),1
Quinn Devlin & The Bridge Street Kings,California Wine,1
Qveen Herby,THE MUSE,1
Ra Ra Riot;Rostam,Need Your Light,1
RAC;Karl Kling,EGO,1
Radiohead,OK Computer,1
Rafa,Ideally Attached,1
Rafa,Indifferent,1
Ralph Castelli,Ralph Castelli,1
Ramsey Lewis,Mother Nature's Son,1
Ravyn Lenae,Bird's Eye,1
Ravyn Lenae;Steve Lacy,Crush EP,1
Ravyn Lenae;Ty Dolla $ign,Bird's Eye,1
Ray Bull,Easy Way To Lose,1
Real Estate,In Mind,1
Real Estate,Real Estate,1
Really From,Really From,1
Red Hearse,Red Hearse,1
Regina Spektor,What We Saw from the Cheap Seats (Deluxe Version),1
Relient K,Forget And Not Slow Down,1
Remi Wolf,Sauce,1
Remi Wolf,Live at Electric Lady,5
Remi Wolf,Juno,1
Remi Wolf,Big Ideas,4
Remi Wolf,Prescription,1
Remi Wolf,I'm Allergic To Dogs!,2
Remi Wolf,Liz,1
Remi Wolf;Dominic Fike,Photo ID (with Dominic Fike),1
Renny Conti,People Floating,1
Reuben James,So Cool,1
Rex Orange County,Pony,1
Rex Orange County,Apricot Princess,2
Rex Orange County,Bcos U Will Never B Free,1
Rex Orange County,Sunflower,1
Rex Orange County,Best Friend,1
Rex Orange County;Benny Sings,Loving Is Easy (feat. Benny Sings),1
RICEWINE,Blue Sea,1
Richard Houghten,Sailing Through Rainbows of Sound,2
Richard Houghten,Sonata De Grillo,1
Richie Quake,Sensitive,1
Rikard From,In My Own Time,1
Rindue,Dream Big,1
Ringo Starr,Goodnight Vienna,1
Ripe,Produce the Juice,1
Rita Lee;Roberto De Carvalho,Rita Lee,1
Ritt Momney,Sunny Boy,1
Ritt Momney,Show Runner 99,1
Robert Ellis,Texas Piano Man,1
Robert Gafforelli,Ti Vedo,1
Ron Everett,The Glitter of the City,1
Rosinha De Valença,Um Violão em Primeiro Plano,1
ROSÉ;Bruno Mars,APT.,1
Royel Otis,Linger / Heading For The Door (Sirius XM Session),1
Rubblebucket,Save Charlie,1
Ruel,Painkiller,1
Rusty Clanton,Colder,1
Ruthven,Have You Decided?,1
Ryan Scott,A Freak Grows in Brooklyn,3
Ryley Walker,Deafman Glance,1
Sabrina Carpenter,Man’s Best Friend,1
Sabrina Carpenter,Short n' Sweet,1
Sabrina Carpenter,Espresso,1
SAHRA,Risk It All,1
Saint Motel,Spotify Singles,1
SALES,SALES LP,1
Sam Gendel,4444,1
Sam Greenfield;The Swingles,Banana Song - London Session,1
Samia,Ode to Artifice,1
Samia,Ode To Artifice,1
Sammy Rae & The Friends,SUN,1
Sammy Rae & The Friends,The If It All Goes South Tour (Live),1
Sammy Rae & The Friends,Cold-Hearted Man,1
Sammy Rae & The Friends,The Good Life,3
Sammy Rae & The Friends,No Rulebook,3
Sammy Rae & The Friends,Follow Me Like the Moon,1
Samy Daussat,La petite famille,1
Sarah Kinsley,Lovegod,1
Sarah Meth,If Only You Knew,1
Saya Gray,19 MASTERS,1
Scarlett Johansson;Joaquin Phoenix,The Moon Song (Music From And Inspired By The Motion Picture Her) - Single,1
Scary Goldings,Scary Goldings,1
Scary Pockets;Antwaun Stanley,Modern Art,1
Scary Pockets;George Krikes,Nu Funk,1
Scary Pockets;India Carney,Best of 2017,1
Scary Pockets;Mario Jose,Funk Ninja,1
Scary Pockets;Monica Martin,Funk Box,1
Scott Mulvahill,Himalayas,1
Scoundrels,Sexy Weekend EP,1
Sean Angus Watson,Birds Who Run,1
Sean Angus Watson,If I'm Gonna See You,2
Sean Angus Watson,In No Particular Order,1
Sean Bertram,Sean Bertram,1
Sebastiao Tapajós;Pedro Dos Santos,"Sebastião Tapajos & Pedro Dos Santos, Vol.2 (Edición 50 Aniversario)",1
Selah Sue;Mick Jenkins,Persona,1
Sen Morimoto,Cannonball!,2
Serengeti,Kaleidoscope,1
Sex on Toast,Ready EP,1
Shakey Graves,Roll The Bones X,1
Shaun Martin,7Summers,1
She & Him,Classics,1
"Sheep, Dog & Wolf",Egospect,1
Shintaro Sakamoto,Don't Know What's Normal,1
Shoos Off,Most Times EP,1
Shubh Saran,Hmayra,1
Sidney Gish,Ed Buys Houses,7
Sidney Gish,No Dogs Allowed,10
Sidney Gish,Presumably Dead Arm (617 Sessions),1
Silk Rhodes,Heart of Grass / Stuck In My Head,1
simmerr,Parallel,1
Simon & Garfunkel,Old Friends,1
Simon & Garfunkel,Bridge Over Troubled Water,1
Sinkane,Life & Livin' It,1
Sir Woman,Sir Woman,1
Sixpence None The Richer,Sixpence None The Richer,1
Sjowgren,Seventeen,1
Sjowgren,Demos,1
Sleepwalkers,Greenwood Shade,2
Sleepwalkers,Wake Up,1
Slowya.roll;Anatole Muster;Hadrien Feraud,Blue Macaw,1
Soaked Oats,Dance Yrself Clean,1
Soccer Mommy,For Young Hearts,1
Sofie Royer,Harlequin,1
Sofía Valdés,Ventura (Extended),2
Solomonophonic,The Carol in Her Eyes,1
Sondre Lerche,"thank u, next",1
Sonntag,Songs for Little John,1
Sonny Cleveland,Sonny Cleveland,1
Souly Had,sounds like you're still here,1
Spooky Mansion,Cambodian B-Sides,1
Spree Wilson,Champagne Supernova,1
Spyro Gyra,Morning Dance,1
Stan Forebee,Cheeky Peak,1
Stan Getz & The Oscar Peterson Trio,Stan Getz and The Oscar Peterson Trio,1
Star Parks,The New Sounds of Late Capitalism,1
Starwolf,Tropical Disco,1
Stay Human,The Late Show - EP,1
Steam Powered Giraffe,The 2¢ Show,1
Steely Dan,Can't Buy A Thrill,2
Stephan Moccio;Plínio Fernandes,Fracture (Arr. for Guitar by Sérgio Assad),1
Stephen Day,The Shapes I'm In,1
Stephen Day,Guess I’m Grown Now,1
Steve Lacy,Some,1
Steve Reich;Mats Bergström,Steve Reich: Electric Counterpoint,1
Steven Universe;Zach Callison,"Steven Universe, Vol. 1 (Original Soundtrack)",1
Steven Universe;Zach Callison;Grace Rolek;AJ Michalka,"Steven Universe, Vol. 2 (Original Soundtrack)",1
Stevie Wonder,Songs In The Key Of Life,1
Stevie Wonder,Innervisions,1
Stevie Wonder,In Square Circle,1
Stevie Wonder,Signed Sealed And Delivered,1
Still Woozy,Kenny,1
Still Woozy,Cooks,1
Still Woozy,Lava,1
Still Woozy,Wolfcat,1
Still Woozy,Habit,1
Still Woozy,Goodie Bag,1
Still Woozy;ODIE,Lucy,1
Still Woozy;Remi Wolf,Pool,1
Stoop Kids,Already Out of Time,1
stories;Hunter Elizabeth,vol. 2,1
STRFKR,Starfucker,1
STRFKR,Miracle Mile,1
Strutman Lane,Lavender Haze,1
Sufjan Stevens,The Age of Adz,1
Sufjan Stevens,Carrie & Lowell,3
Sufjan Stevens,Illinois,1
Sufjan Stevens;Angelo De Augustine,A Beginner's Mind,1
Sugar Ray,Sugar Ray,1
Suki Waterhouse,My Fun,1
Summer Salt,Happy Camper,1
Sun Rai,Pocket Music,1
Sun Seeker,Georgia Dust,1
Sunny Levine,Hush Now,1
Sure Sure,What's It Like?,2
Sure Sure,Funky Galileo,1
Sure Sure,Warm Animal (Acoustic),1
Svaneborg Kardyb,Superkilen,1
Sven Wunder,Asterism Waltz,1
Swedish House Mafia;The Weeknd,Paradise Again,1
Swim Mountain,Anyone,1
Swsh,Break the Fall (Acoustic),1
SZA,SOS,3
SZA,Ctrl,1
SZA,Good Days,1
SZA;Travis Scott,SOS,1
säje,säje,1
säje,Desert Song,1
Sérgio Mendes;Black Eyed Peas,Timeless,1
SÍOMHA,Infinite Space,2
T. Evann,Clementine,1
Tangerine,Feel This Way,1
Tank and The Bangas,Think Tank,1
Ted Greene,Solo Guitar,3
Tei Shi,Die 4 Ur Love (Deluxe),1
Telula,Never Enough,1
Telula,3 3 3,1
Tennis,Yours Conditionally,1
Tennyson,Like What,1
Tess Henley,Better,1
The Altogether,Silo,3
The Apache Relay,Apache Relay,2
The Avalanches,Wildflower,2
The Avalanches,We Will Always Love You,1
The Avalanches;Cola Boyy;Mick Jones,We Will Always Love You,1
The Avalanches;Denzel Curry;Tricky;Sampa the Great,Music Makes Me High / Take Care In Your Dreaming,1
The Avalanches;Denzel Curry;Tricky;Sampa the Great,We Will Always Love You,1
The Avalanches;MGMT;Johnny Marr,We Will Always Love You,1
The Avett Brothers,Mignonette,1
The Beach Boys,Becoming The Beach Boys: The Complete Hite & Dorinda Morgan Sessions,1
The Beatles,With The Beatles (Remastered),1
The Beatles,The Beatles (Remastered),1
The Blasting Company,"Rites of Passage (From ""The Kids of Rutherford County"")",1
The Brazen Youth,Primitive Initiative,1
The Brook & The Bluff,First Place,1
The Brook & The Bluff,Masks (Live),1
The Brothers Comatose;AJ Lee & Blue Summit,Harvest Moon,1
The Cactus Channel;Sam Cromack,Do It for Nothing,1
The Cat Empire,So Many Nights,1
The Convenience,Accelerator,1
The Copper Children,Copper Child,1
The Copper Children,What We Are,1
The Cranberries,"Everybody Else Is Doing It, So Why Can't We?",1
The Derevolutions,Just One Look,1
The Dip,The Dip,2
The Doobie Brothers,Minute by Minute,1
The Doobie Brothers,"Best of The Doobies, Volume II",1
The Electric Peanut Butter Company,Trans-Atlantic Psych Classics Vol.2,1
The Four Freshmen,Let Me Love You,1
The Four Freshmen,Voices In Modern,1
The Growlers,Chinese Fountain,1
The Junk Experiment,Gumbo,2
The Lagoons,California,1
The Magic Lantern,Holding Hands,1
The Main Squeeze,The Main Squeeze,1
The Mamas & The Papas,The Papas & The Mamas,1
The Marías,"Superclean, Vol. II",1
The Marías,I Don't Know You,1
The Marías;Still Woozy,Hush (Still Woozy Remix),1
The O'My's,Tomorrow,1
The O'My's,A Humble Masterpiece,1
the olllam,elllegy,1
The Other Favorites,Fools,1
The Revivalists,Men Amongst Mountains,1
The Scary Jokes;Louie Zong,Community Gardens,1
The Shadowboxers,More Than a Woman,1
The Shins;James Mercer,Heartworms,1
The Souljazz Orchestra,Resistance,1
The Stairwells,For Your Health,1
The Steve McQueens,The Observer,1
The Strokes,Angles,2
The Strokes,Is This It,1
The Strokes,The New Abnormal,3
The Strokes,Room On Fire,1
The Symposium,Drugs,1
The Tuesday Crew,Summer Lovin',1
The Velvet Underground,The Velvet Underground (45th Anniversary),1
The Walters,Songs for Dads,1
The Wood Brothers,Loaded,1
Theo Katzman,Modern Johnny Sings: Songs in the Age of Vibe,1
Theo Katzman,Heartbreak Hits,4
Theo Katzman,Romance Without Finance,2
Thibault Cauvin,Mystery of Love,1
This Is The Kit,Bashed Out,1
Thomas Fonnesbæk;Justin Kauflin,Synesthesia,1
Tim Atlas,All Talk!,1
Tim Atlas,Together Lonely,1
Tiny Habits,one more,1
Tiny Habits,pennies (voice memo),1
Tkay Maidza,"Last Year Was Weird, Vol. 2",1
Tkay Maidza;Kari Faux,"Last Year Was Weird, Vol. 2",1
Tobias Jesso Jr.,Goon,1
Toby Sebastian,Sitting On The Water,1
Toby Sebastian;Florence Pugh,Midnight,1
toconoma,NEWTOWN,1
Todd Terje,It's Album Time,1
Tokyo Incidents,大人,1
TOLEDO,Crane Song,1
Tom Misch,Full Circle,1
Tom Misch,Sisters With Me,1
Tom Misch,Quarantine Sessions,1
Tom Misch,Geography,2
Tom Misch;De La Soul,Geography,1
Tom Misch;Yussef Dayes,What Kinda Music,1
Tommy Emmanuel;Frank Vignola;Vinny Raaniolo,Accomplice One,1
Tommy Newport,Tangerine,1
Tommy Richman,MILLION DOLLAR BABY,1
Train,My Private Nation,1
Tree Theater;Emily C. Browning,Lover,1
Trousdale,Out Of My Mind,1
TV Girl,French Exit,1
twiddy,Live from the Bowling Alley,1
Twinkie Clark,Praise Belongs To God / Ye Shall Receive,1
Twisted Pine,Right Now,2
TWRP,Guardians of the Zone,1
"Tyler, The Creator",CHROMAKOPIA,1
"Tyler, The Creator",IGOR,4
"Tyler, The Creator",CALL ME IF YOU GET LOST,1
"Tyler, The Creator",Flower Boy,4
"Tyler, The Creator;Daniel Caesar",CHROMAKOPIA,1
"Tyler, The Creator;Doechii",CHROMAKOPIA,1
"Tyler, The Creator;Estelle",Flower Boy,1
"Tyler, The Creator;Kali Uchis",Flower Boy,1
"Tyler, The Creator;Rex Orange County;Anna of the North",Flower Boy,1
"Tyler, The Creator;Teezo Touchdown",CHROMAKOPIA,1
U.S. Girls,Heavy Light,1
Uly,cold water,1
UMI,Introspection,1
Unknown Mortal Orchestra,SB-09,1
Unknown Mortal Orchestra,II,2
Unknown Mortal Orchestra,That Life,1
Unknown Mortal Orchestra,Sex & Food,1
Upstate,Healing,1
Upstate,A Remedy,1
Uwade,The Man Who Sees Tomorrow / Lodarore,1
Uwade,Nostalgia,1
Vampire Weekend;Steve Lacy,Father of the Bride,1
Vanmiran,Not Good for Me,1
Victory,It's A New Dawn,1
Vince Guaraldi,In Person,1
Vince Guaraldi,"It's The Great Pumpkin, Charlie Brown",1
Vince Guaraldi Trio,Jazz Impressions Of Black Orpheus [Original Jazz Classics Remasters] (OJC Remaster),1
Violette Wautier,Glitter and Smoke,1
vision string quartet,Spectrum,1
Vulfmon;David T. Walker;Solomon Dorsey,Here We Go Jack,1
Vulfmon;Devon Yesberger;Noé Socha,The Sheriff,1
Vulfmon;Evangeline,As Long As I Still Get You,1
Vulfmon;Evangeline,It Might Have To Be You,1
Vulfmon;Evangeline,Dot,2
Vulfmon;Evangeline,Letting Things Go,1
Vulfmon;Evangeline;Woody Goss,Chicago Summer,1
Vulfmon;Jackie Evans,Leave You,1
Vulfmon;Jacob Jeffries,How Much Do You Love Me?,1
Vulfmon;Jacob Jeffries;Harrison Whitford,Dawn,1
Vulfmon;Jacob Jeffries;Harrison Whitford,Dot,1
Vulfmon;Monica Martin;Hailey Niswanger,"Alone Again, Naturally",1
Vulfpeck,Schvitz,1
Vulfpeck,Thrill of the Arts,2
Vulfpeck,Fugue State,1
Vulfpeck;Antwaun Stanley,Mr Finish Line,1
Vulfpeck;Antwaun Stanley,Schvitz,1
Vulfpeck;Theo Katzman,Schvitz,1
Vulfpeck;Theo Katzman,Hill Climber,1
Vulfpeck;Vulf,Sauna,1
Walker,really miss you,1
Walter Mitty and His Makeshift Orchestra,Overwhelmed and Underdressed,1
Wass,Kiss Me,1
Way Dynamic,Massive Shoe,1
Wendlo,Must Be Nice!,1
Wendlo,Wasting Time With You,1
Wesley Bright and the Honeytones,Happiness / You Don't Want Me,1
Westerman,Confirmation / I Turned Away,1
Whitmer Thomas,Songs from The Golden One,1
Whitney,Forever Turned Around,2
Whitney,Light Upon the Lake,9
Whitney,Light Upon the Lake: Demo Recordings,1
Wild Child,Expectations,1
Will Fox,Isolation Blues,1
Will Paquin,Satellite,2
Woman Believer,Dunzo,1
Woody and Jeremy,Strange Satisfaction,2
Woody Goss,threety three,1
Woody Goss,Rainbow Beach,3
Woody Goss,Tee Time (video game version),1
Woody Goss;Secret Bad Boy,Black-winged Stilt,1
xander.;Rikard From,Night and Day,1
Yabadum,Careful Kid,1
Yeasayer,Erotic Reruns,1
Yebba,Dawn,1
Yebba,Evergreen,1
Yot Club,On the Ground / Trapped Awake,1
Young Franco;EARTHGANG;Jafunk,it's Franky baby!,1
Young Original,MR. SANDMAN,1
Young the Giant,Young The Giant,1
Your Smith,Bad Habit,1
YOUR SONG IS GOOD,Extended,1
Zack Villere,Fear of Intimacy,1
Zinadelphia,Mirrorball,1
¿Téo?;Lido,¿Téo?,1
ピーチ・コンセプション,二人でお茶を～スイーツ＆ティータイム,1
